{
  "Anatomy - downregulates - Gene": 254.32835820895522,
  "Anatomy - expresses - Gene": 1309.4701492537313,
  "Anatomy - localizes - Disease": 8.960199004975124,
  "Anatomy - upregulates - Gene": 243.40298507462686,
  "Biological Process - participates - Gene": 49.16123363500571,
  "Cellular Component - participates - Gene": 52.887131560028756,
  "Compound - binds - Gene": 7.455541237113402,
  "Compound - causes - Side Effect": 89.52577319587628,
  "Compound - downregulates - Gene": 23.451030927835053,
  "Compound - includes - Pharmacologic Class": 7.195876288659794,
  "Compound - palliates - Disease": 0.25128865979381443,
  "Compound - resembles - Compound": 8.358247422680412,
  "Compound - treats - Disease": 0.48646907216494845,
  "Compound - upregulates - Gene": 20.663015463917525,
  "Disease - associates - Gene": 92.13868613138686,
  "Disease - downregulates - Gene": 355.3868613138686,
  "Disease - localizes - Anatomy": 26.291970802919707,
  "Disease - palliates - Compound": 2.846715328467153,
  "Disease - presents - Symptom": 24.503649635036496,
  "Disease - resembles - Disease": 7.927007299270073,
  "Disease - treats - Compound": 5.510948905109489,
  "Disease - upregulates - Gene": 367.05839416058393,
  "Gene - associates - Disease": 0.6026736691334448,
  "Gene - binds - Compound": 0.5524468846980186,
  "Gene - covaries - Gene": 5.89095249462879,
  "Gene - downregulates - Anatomy": 4.88135593220339,
  "Gene - downregulates - Compound": 1.737693960372404,
  "Gene - downregulates - Disease": 2.3245643351635237,
  "Gene - expresses - Anatomy": 25.132824063022202,
  "Gene - interacts - Gene": 14.331725948913823,
  "Gene - participates - Biological Process": 26.713010264979708,
  "Gene - participates - Cellular Component": 3.5123418476963475,
  "Gene - participates - Molecular Function": 4.641776080210074,
  "Gene - participates - Pathway": 3.726187634280258,
  "Gene - regulates - Perturbation": 17.499164478395798,
  "Gene - upregulates - Anatomy": 4.671663881594653,
  "Gene - upregulates - Compound": 1.5311052757221293,
  "Gene - upregulates - Disease": 2.4009071377417044,
  "Gene < regulates < Gene": 17.298161852470756,
  "Gene > regulates > Gene": 17.298161852470756,
  "Molecular Function - participates - Gene": 33.71081830790569,
  "Pathway - participates - Gene": 48.175925925925924,
  "Perturbation - regulates - Gene": 107.92697290930506,
  "Pharmacologic Class - includes - Compound": 8.849445324881142,
  "Side Effect - causes - Compound": 24.231600976630624,
  "Symptom - presents - Disease": 7.664383561643835
}