permuted	alpha	incl_degrees	tjur	tjur_lower	tjur_upper	auroc	auroc_lower	auroc_upper	auprc	auprc_lower	auprc_upper
0	1	1	0.745846080213318	0.731343873948964	0.760348286477671	0.988867067233879	0.987189837736605	0.990544296731154	0.96166217499566	0.956718449604677	0.966605900386643
0	0	1	0.667942938490485	0.647263085410037	0.688622791570934	0.988506381299059	0.986685352766233	0.990327409831886	0.959273956469292	0.953869021839854	0.96467889109873
1	1	1	0.65339773969656	0.644049956002861	0.662745523390258	0.981854953730088	0.980693507086052	0.983016400374124	0.933683011459634	0.928783546805467	0.938582476113801
0	1	0	0.646915811641277	0.638878529713974	0.654953093568581	0.969791763519156	0.96862531874886	0.970958208289451	0.919020169076505	0.915925818573874	0.922114519579137
0	0	0	0.610821981189096	0.596094446389422	0.62554951598877	0.981679224595402	0.98015816271406	0.983200286476744	0.939598878967833	0.935511473940708	0.943686283994958
1	1	0	0.555566995619523	0.548639168485057	0.562494822753989	0.965657330818823	0.964172002484473	0.967142659153173	0.910791617640867	0.907238167951656	0.914345067330078
1	0	1	0.546921725303265	0.536524092307681	0.557319358298849	0.987380693829216	0.986188894124244	0.988572493534187	0.959469575406102	0.955991932158629	0.962947218653575
1	0	0	0.215019510540972	0.200197134331995	0.229841886749949	0.873264119994728	0.864029504279534	0.882498735709923	0.676141253704657	0.655833685613339	0.696448821795975
